Datetime,Water Level (m)
2025-03-22 12:00:00,0.6902108
2025-03-22 13:00:00,0.510841
2025-03-22 14:00:00,0.1545445
2025-03-22 15:00:00,-0.2690367
2025-03-22 16:00:00,-0.6974997
2025-03-22 17:00:00,-1.065144
2025-03-22 18:00:00,-1.2773974
2025-03-22 19:00:00,-1.2476337
2025-03-22 20:00:00,-0.9387455
2025-03-22 21:00:00,-0.538155
2025-03-22 22:00:00,-0.1952501
2025-03-22 23:00:00,0.036942214
2025-03-23 00:00:00,0.1281207
2025-03-23 01:00:00,0.056932844
2025-03-23 02:00:00,-0.16272072
2025-03-23 03:00:00,-0.45804906
2025-03-23 04:00:00,-0.7531672
2025-03-23 05:00:00,-1.0073711
2025-03-23 06:00:00,-1.1865599
2025-03-23 07:00:00,-1.1933715
2025-03-23 08:00:00,-0.95016474
2025-03-23 09:00:00,-0.5332441
2025-03-23 10:00:00,-0.071078375
2025-03-23 11:00:00,0.33668175
2025-03-23 12:00:00,0.63244754
2025-03-23 13:00:00,0.76785934
2025-03-23 14:00:00,0.68943673
2025-03-23 15:00:00,0.42240202
2025-03-23 16:00:00,0.051298875
2025-03-23 17:00:00,-0.37546387
2025-03-23 18:00:00,-0.8112387
2025-03-23 19:00:00,-1.1694645
2025-03-23 20:00:00,-1.3784446
2025-03-23 21:00:00,-1.3687942
2025-03-23 22:00:00,-1.1343307
2025-03-23 23:00:00,-0.751763
2025-03-24 00:00:00,-0.3303047
2025-03-24 01:00:00,0.003215769
2025-03-24 02:00:00,0.18450059
2025-03-24 03:00:00,0.21408989
2025-03-24 04:00:00,0.07848146
2025-03-24 05:00:00,-0.21701352
2025-03-24 06:00:00,-0.6040347
2025-03-24 07:00:00,-0.97715634
2025-03-24 08:00:00,-1.2219499
2025-03-24 09:00:00,-1.2636033
2025-03-24 10:00:00,-1.0181004
2025-03-24 11:00:00,-0.53466463
2025-03-24 12:00:00,0.041005306
2025-03-24 13:00:00,0.54937816
2025-03-24 14:00:00,0.8829579
2025-03-24 15:00:00,1.0155746
2025-03-24 16:00:00,0.8877288
2025-03-24 17:00:00,0.4986897
2025-03-24 18:00:00,-0.05474143
2025-03-24 19:00:00,-0.65459126
2025-03-24 20:00:00,-1.1909204
2025-03-24 21:00:00,-1.5762706
2025-03-24 22:00:00,-1.7089118
2025-03-24 23:00:00,-1.4791981
2025-03-25 00:00:00,-0.92401415
2025-03-25 01:00:00,-0.27982596
2025-03-25 02:00:00,0.26491034
2025-03-25 03:00:00,0.5854816
2025-03-25 04:00:00,0.6848303
2025-03-25 05:00:00,0.5463414
2025-03-25 06:00:00,0.15913345
2025-03-25 07:00:00,-0.390107
2025-03-25 08:00:00,-0.95046765
2025-03-25 09:00:00,-1.3878051
2025-03-25 10:00:00,-1.5884056
2025-03-25 11:00:00,-1.3620356
2025-03-25 12:00:00,-0.6751821
2025-03-25 13:00:00,0.12983242
2025-03-25 14:00:00,0.84204346
2025-03-25 15:00:00,1.2529136
2025-03-25 16:00:00,1.3797637
2025-03-25 17:00:00,1.1936568
2025-03-25 18:00:00,0.69610274
2025-03-25 19:00:00,-0.007947712
2025-03-25 20:00:00,-0.7590311
2025-03-25 21:00:00,-1.4204458
2025-03-25 22:00:00,-1.8969885
2025-03-25 23:00:00,-2.0262885
2025-03-26 00:00:00,-1.5845026
2025-03-26 01:00:00,-0.73059857
2025-03-26 02:00:00,0.12538561
2025-03-26 03:00:00,0.7962893
2025-03-26 04:00:00,1.1157151
2025-03-26 05:00:00,1.1414189
2025-03-26 06:00:00,0.83078533
2025-03-26 07:00:00,0.2201263
2025-03-26 08:00:00,-0.50555146
2025-03-26 09:00:00,-1.1998428
2025-03-26 10:00:00,-1.7394288
2025-03-26 11:00:00,-1.9585075
2025-03-26 12:00:00,-1.5390012
2025-03-26 13:00:00,-0.56117004
2025-03-26 14:00:00,0.43032527
2025-03-26 15:00:00,1.2529744
2025-03-26 16:00:00,1.6561363
2025-03-26 17:00:00,1.7205997
2025-03-26 18:00:00,1.3906142
2025-03-26 19:00:00,0.6921222
2025-03-26 20:00:00,-0.17302413
2025-03-26 21:00:00,-1.0252188
2025-03-26 22:00:00,-1.7626026
2025-03-26 23:00:00,-2.249295
2025-03-27 00:00:00,-2.2373118
2025-03-27 01:00:00,-1.3763342
2025-03-27 02:00:00,-0.278439
2025-03-27 03:00:00,0.7051817
2025-03-27 04:00:00,1.3810915
2025-03-27 05:00:00,1.602345
2025-03-27 06:00:00,1.452491
2025-03-27 07:00:00,0.9165916
2025-03-27 08:00:00,0.10001976
2025-03-27 09:00:00,-0.7560701
2025-03-27 10:00:00,-1.530364
2025-03-27 11:00:00,-2.0962183
2025-03-27 12:00:00,-2.2259524
2025-03-27 13:00:00,-1.4551454
2025-03-27 14:00:00,-0.24546093
2025-03-27 15:00:00,0.8857376
2025-03-27 16:00:00,1.7364532
2025-03-27 17:00:00,2.085059
2025-03-27 18:00:00,2.0043843
2025-03-27 19:00:00,1.435507
2025-03-27 20:00:00,0.4929416
2025-03-27 21:00:00,-0.4894487
2025-03-27 22:00:00,-1.3874063
2025-03-27 23:00:00,-2.1227262
2025-03-28 00:00:00,-2.522784
2025-03-28 01:00:00,-2.1111033
2025-03-28 02:00:00,-0.83346885
2025-03-28 03:00:00,0.3390561
2025-03-28 04:00:00,1.3487213
2025-03-28 05:00:00,1.8758738
2025-03-28 06:00:00,1.981913
2025-03-28 07:00:00,1.622345
2025-03-28 08:00:00,0.8309729
2025-03-28 09:00:00,-0.120252155
2025-03-28 10:00:00,-1.050867
2025-03-28 11:00:00,-1.8591607
2025-03-28 12:00:00,-2.4037504
